"id","small_openid","image","name","sex","phone","birth","card_back_six","organization_id","create_time","examine","examine_time","status","is_online","examine_reason","examine_user_id","identity_type","face_token","is_valid"
"1",,,"张翔","1","15026859856","1995-1-1","123456","9","2020-4-11 14:29:42","1",,"1","1",,"0","1",,"1"
"2",,,"卢松安","1","13120512076","1995-2-1","123456","9","2020-4-11 14:29:43","1",,"1","1",,"0","1",,"1"
"3",,,"蔡超海","1","15801972613","1996-2-2","123456","9","2020-4-11 14:29:44","1",,"1","1",,"0","1",,"0"
"4",,,"刘景","2","15003837747","1996-2-3","123456","9","2020-4-11 14:29:45","1",,"1","1",,"0","1",,"0"
"5",,,"陈露","1","13636607386","1996-2-4","123456","9","2020-4-11 14:29:46","1",,"1","1",,"0","1",,"0"
"6",,,"王英超","1","18964068809","1996-2-5","123456","9","2020-4-11 14:29:47","1",,"1","1",,"0","3",,"0"
"7",,,"张日梅","2","18321465212","1996-2-6","123456","9","2020-4-11 14:29:48","1",,"1","1",,"0","2",,"1"
"8",,,"杨慈钟","1","13586567624","1996-2-7","123456","9","2020-4-11 14:29:49","1",,"1","1",,"0","1",,"1"
"9",,,"高烁","1","15038255613","1996-2-8","123456","9","2020-4-11 14:29:50","1",,"1","1",,"0","1",,"1"
"10",,,"邹晓敏","2","18837420695","1996-2-9","123456","9","2020-4-11 14:29:51","1",,"1","1",,"0","1",,"1"
"11",,,"陶保强","1","18538519381","1996-2-10","123456","9","2020-4-11 14:29:52","1",,"1","1",,"0","1",,"1"
"12",,,"林良斐","1","17521652313","0-0-0","123456","9","2020-4-11 14:29:53","1",,"1","1",,"0","1",,"0"
"13",,,"杨菲","2","15639060913","1996-2-12","123456","9","2020-4-11 14:29:54","1",,"1","1",,"0","1",,"0"
"14",,,"韦天臻","1","15035188835","1996-2-13","123456","9","2020-4-11 14:29:55","1",,"1","1",,"0","1",,"0"
"15",,,"傅光惠","1","18932240448","1996-2-14","123456","9","2020-4-11 14:29:56","1",,"1","1",,"0","1",,"0"
"16",,,"李利斌","1","19909382838","1996-2-15","123456","9","2020-4-11 14:29:57","1",,"1","1",,"0","1",,"0"
"17",,,"陈敏","2","15102149035","1996-2-16","123456","9","2020-4-11 14:29:58","1",,"1","1",,"0","1",,"0"
"18",,,"许林","1","18501655885","1996-2-17","123456","9","2020-4-11 14:29:59","1",,"1","1",,"0","3",,"1"
"19",,,"吴川","1","17302161887","1996-2-18","123456","9","2000-1-0 00:00:00","1",,"1","1",,"0","2",,"1"
"20",,,"张丹","2","18621767963","1996-2-19","123456","9","2000-1-0 00:00:00","1",,"1","1",,"0","2",,"1"
"21",,,"叶峰云","1","15259717351","1996-2-20","123456","49","2000-1-0 00:00:00","1",,"1","1",,"0","1",,"0"
"22",,,"张卫卫","1","13962763292","1996-2-21","123456","9","2000-1-0 00:00:00","1",,"1","1",,"0","3",,"1"
"23",,,"乔海松","1","18721126396","1996-2-22","123456","9","2000-1-0 00:00:00","1",,"1","1",,"0","3",,"1"
"24",,,"王美丹","2","13641730761","1996-2-23","123456","9","2000-1-0 00:00:00","1",,"1","1",,"0","2",,"0"
"25",,,"吴波","1","18016484861","1996-2-24","123456","49","2000-1-0 00:00:00","1",,"1","1",,"0","2",,"1"
"26",,,"李梦莹","2","15221697346","1996-2-25","123456","48","2000-1-0 00:00:00","1",,"1","1",,"0","1",,"0"
"27",,,"孙殿凤","1","18662147737","1996-2-26","123456","49","2000-1-0 00:00:00","1",,"1","1",,"0","3",,"0"
"32",,,"周汝灵","1","13671505680","2007-4-15","20879","64","2020-4-11 14:29:00","1",,"1","1",,"0","1",,"0"
"33",,,"边同柱","1","13671505681","2007-4-16","20880","5","2020-4-11 14:29:00","1",,"1","1",,"0","1",,"0"
"34",,,"郭红涛","1","13671505682","2007-4-17","20881","5","2020-4-11 14:29:00","1",,"1","1",,"0","1",,"0"
"35",,,"万顺","2","13671505683","2007-4-18","20882","5","2020-4-11 14:29:00","1",,"1","1",,"0","1",,"0"
"36",,,"张成","1","13671505684","2007-4-19","20883","64","2020-4-11 14:29:00","1",,"1","1",,"0","1",,"0"
"37",,,"王飞","2","13671505685","2007-4-20","20884","5","2020-4-11 14:29:00","1",,"1","1",,"0","1",,"0"
"38",,,"肖新林","1","13671505686","2007-4-21","20885","5","2020-4-11 14:29:00","1",,"1","1",,"0","1",,"0"
"39",,,"刘金中","1","13671505687","2007-4-22","20886","5","2020-4-11 14:29:00","1",,"1","1",,"0","1",,"0"
"40",,,"李亚辉","1","13671505688","2007-4-23","20887","5","2020-4-11 14:29:00","1",,"1","1",,"0","1",,"0"
"41",,,"汪占伟","2","13671505689","2007-4-24","20888","64","2020-4-11 14:29:00","1",,"1","1",,"0","1",,"0"
"42",,,"马连海","1","13671505690","2007-4-25","20889","64","2020-4-11 14:29:00","1",,"1","1",,"0","1",,"0"
"43",,,"杨猛","1","13671505691","2007-4-26","20890","9","2020-4-11 14:29:00","1",,"1","1",,"0","1",,"0"
"44",,,"胡向荣","2","13671505692","2007-4-27","20891","9","2020-4-11 14:29:00","1",,"1","1",,"0","1",,"0"
"45",,,"孙西建","1","13671505693","2007-4-28","20892","9","2020-4-11 14:29:00","1",,"1","1",,"0","1",,"0"
"46",,,"褚建军","2","13671505694","2007-4-29","20893","9","2020-4-11 14:29:00","1",,"1","1",,"0","1",,"0"
"47",,,"郭洪合","1","13671505695","2007-4-30","20894","47","2020-4-11 14:29:00","1",,"1","1",,"0","1",,"0"
"48",,,"宗金桥","1","13671505696","0-0-0","20895","9","2020-4-11 14:29:00","1",,"1","1",,"0","1",,"0"
"49",,,"刘军","2","13671505697","0-0-0","20896","47","2020-4-11 14:29:00","1",,"1","1",,"0","3",,"0"
"50",,,"谷检军","1","13671505698","0-0-0","20897","9","2020-4-11 14:30:00","1",,"1","1",,"0","2",,"0"
"51",,,"?邓喜双","1","15822336627","0-0-0","20898","9","2020-4-11 14:30:00","1",,"1","1",,"0","2",,"0"
"52",,,"吴志强","2","15822336628","0-0-0","20899","9","2020-4-11 14:30:00","1",,"1","1",,"0","1",,"0"
"53",,,"张颖","1","15822336629","0-0-0","20900","9","2020-4-11 14:30:00","1",,"1","1",,"0","3",,"0"
"54",,,"韩续保","1","15822336630","0-0-0","20901","9","2020-4-11 14:30:00","1",,"1","1",,"0","1",,"0"
"55",,,"李雪寒","2","15822336631","0-0-0","20902","32","2020-4-11 14:30:00","1",,"1","1",,"0","1",,"0"
"56",,,"张韩系","1","15822336632","0-0-0","20903","32","2020-4-11 14:30:00","1",,"1","1",,"0","1",,"0"
"57",,,"张春雷","2","15822336633","0-0-0","20904","32","2020-4-11 14:30:00","1",,"1","1",,"0","1",,"0"
"58",,,"李秀华","1","15822336634","0-0-0","20905","32","2020-4-11 14:30:00","1",,"1","1",,"0","1",,"0"
"59",,,"王大雷","1","15822336635","0-0-0","20906","32","2020-4-11 14:30:00","1",,"1","1",,"0","1",,"0"
"60",,,"李大路","2","15822336636","0-0-0","20907","32","2020-4-11 14:30:00","1",,"1","1",,"0","1",,"0"
"61",,,"张珊","1","15822336637","0-0-0","20908","32","2020-4-11 14:30:00","1",,"1","1",,"0","1",,"0"
"62",,,"李丽丽","1","15822336638","0-0-0","20909","32","2020-4-11 14:30:00","1",,"1","1",,"0","1",,"0"
"63",,,"王强","2","15822336639","0-0-0","20910","32","2020-4-11 14:30:00","1",,"1","1",,"0","1",,"0"
"64",,,"张强","1","15822336640","0-0-0","20911","32","2020-4-11 14:30:00","1",,"1","1",,"0","1",,"0"
"65",,,"李斌","1","15822336641","0-0-0","20912","32","2020-4-11 14:30:00","1",,"1","1",,"0","1",,"0"
"66",,,"赵虎","2","15822336642","0-0-0","20913","32","2020-4-11 14:30:00","1",,"1","1",,"0","1",,"0"
"95",,,"李宗瑞","1","13120387456","1998-10-13","123456","9","2020-5-15 11:50:41","1","2020-5-15 11:50:41","1","1",,"0","3",,"0"
"96","oI8AC5WMAOVXd9Ay7XMYjxVP_kY4","yzxfile/5ebe1243b3aeb__!tmp_c31eed1055f87ba3287c1bafd55042ce.jpg","卢松安","1","13120512076","1992-3-15","123456","9","2020-5-15 11:52:01","1","2020-5-15 15:49:28","1","2",,"24","1","7cf19c35806383f2aad09e0b0f8edae6","0"
"97","oI8AC5WFHbfuU1_dKu63S2Mx3eZI","yzxfile/5ebe13a907850__!tmp_b71041ff0de9c5dafc3227a91d0223694addf5c4e55171d9.jpg","乔海松","1","18721126396","1990-2-24","123456","9","2020-5-15 11:59:38","1","2020-5-15 15:49:32","1","2",,"24","1","6d6ed1af3a5d0fffa2ed32bc69409739","0"
"98","oI8AC5bmL60z_KPod4lTd9_jQql8","yzxfile/5ebe13f209cc3__!tmp_7fc3ba80e87b31c8c3fc1eb7666fa11dbd61313fd26fda23.jpg","邹晓敏","2","18837420695","1995-6-22","123456","9","2020-5-15 12:00:51","1","2020-5-15 15:49:42","1","2",,"24","1","fdede42b1c56e60ec97d65445d615ae3","0"
"99","oI8AC5eziKoN9NdEp-m5Zm0I-IpQ","yzxfile/5ebe2291df6dd__!tmp_c7076da524426d988426cda26cb84366eacf48d4f9d1663e.jpg","高烁","1","15038255613","2002-7-27","123456","9","2020-5-15 13:03:15","1","2020-5-15 15:49:47","1","2",,"24","1","d247256a01607bbcbe7af1be8b2d2a10","0"
"100","oI8AC5QnRDj2AHGdUCLUdMhjBCsc","yzxfile/5ebe27098cf49__!tmp_c58caf8273db471dc64a3b2d45550a3c.jpg","吴波","1","18016484861","2011-5-9","271578","49","2020-5-15 13:22:19","1","2020-5-15 15:49:55","1","2",,"24","1","2e645eacc7472db6b691c2a0c556bf46","0"
"101","oI8AC5c14f56HP_rtROlQz-F40iU","yzxfile/5ebe273f6773a__!tmp_1c8a34180e67c0463566561d8b387834d04b8593a2c79cfa.jpg","张卫卫","1","13962763292",,"123456","9","2020-5-15 13:23:12","1","2020-5-15 15:49:59","1","2",,"24","1","acab9b4c6c3be1d231fba90ed0efb622","0"
"102","oI8AC5Sd5HlGh_Esi7ct7Dql5nX0","yzxfile/5ebe2752a6215__!tmp_a72011aaefd67d5d14627e485ee8c3ed60abaa8667c02152.jpg","英超","1","18964068809","1980-8-15","123456","9","2020-5-15 13:23:32","1","2020-5-15 15:50:05","1","2",,"24","3","a3b293d06cb7b879259c2f2a07d40147","0"
"103","oI8AC5Qn8_796daWzTU8Rq3_tYxc","yzxfile/5ebe2cedcc034__!tmp_036d0b06ff7d1804ae92e3bb483568fb15e9ea6180439d54.jpg","张日梅","2","18321465212","1989-6-8","123456","9","2020-5-15 13:24:19","1","2020-5-15 15:50:14","1","2",,"24","2","7834b5eb7b82b54d74839b22ddd98eb7","0"
"104","oI8AC5acfWEXt12BDs__g8XqCPC4","yzxfile/5ebe27824c61b__!tmp_e16322844bd905524d9a365428a5e340.jpg","张丹","2","18621767963","2020-4-15","123456","9","2020-5-15 13:24:19","1","2020-5-15 15:50:09","1","2",,"24","1","31b04e471db02b6a3e5a73559dabb63e","0"
"105","oI8AC5V7rxHGF9acj76LqnHkkWiM","yzxfile/5ebe27fdf4047__!tmp_4d46ee18afa08eeffa28d33fa7fd9bee.jpg","杨慈钟","1","13586567624","2000-5-12","123456","9","2020-5-15 13:26:23","1","2020-5-15 15:50:19","1","2",,"24","1","65acd990f7ea973d23bc49c12905bcec","0"
"109","oI8AC5Twu-zSA0zi3hQLHEUckXEU","yzxfile/5ebe3458bf23b__!tmp_8fd42f6fe44e247cd2900a28948b9eed76148d97c54e0833.jpg","李利斌","1","19909382838","1990-6-8","123456","9","2020-5-15 14:01:31","1","2020-5-15 15:50:32","1","2",,"24","1","54a9d7bcd3a929379dbfc568a658d7bf","0"
"110","oI8AC5fjGSZiC0tExnUsdTbKu10M","yzxfile/5ebe351495ec3__!tmp_9e84db9be2cbd9edfc94fcb226eaa03f39f1ca758b4cfb5e.jpg","许林","1","18501655885","1989-12-22","220316","9","2020-5-15 14:22:14","1","2020-5-15 15:50:34","1","2",,"24","1","b2954c34b7b4eadcb34c1eec54ea973d","0"
"113","oI8AC5Sxnl3RWhZbYnjdrplmQc_Y","yzxfile/5ec4f6822c725__!tmp_d24029cd49e39ca415b93fc9ff2cc1f7c97f90f687100d48.jpg","陶保强","1","18538519381","1994-4-1","123456","9","2020-5-20 17:21:07","1","2020-5-21 13:08:46","1","2",,"24","1","f431f61ba8c547e02d28eb31261824bb","0"
"114","oI8AC5c-PyC6yyXgql4DOtF8RhhI","yzxfile/5ec60cb518ba5__!tmp_c1130d34bbc68d10c221aeda681027a9cb7d197721ba4958.jpg","奚忠军","1","13816778705","1983-5-21","030013","49","2020-5-21 13:08:06","1","2020-5-21 13:08:40","1","2",,"24","1","f7425418af2395963a3256d1147af0c8","0"
"115","oI8AC5UHlrGfWGJqz9XvpNKCvxNU","yzxfile/5ec60e5fe1009__!tmp_62ccb43259b28218b781646cdca22a96a47053faee8a02e0.jpg","吴川","1","17302161887","1986-7-25","250310","9","2020-5-21 13:15:13","1","2020-5-21 15:25:30","1","2",,"24","1","dea8a9b5dbdeaf07b2eebe7b062c69db","0"
"116","oI8AC5aVr3Cgitx2LbD3mv5-MXTw","yzxfile/5ec60ee0ebc3f__!tmp_454d1a371e9080de16bbd488f25c194b.jpg","凯瑟琳","2","13641730761","2020-5-21","277526","65","2020-5-21 13:17:07","1","2020-5-21 13:17:50","1","2",,"24","1","04701e2e277393f41b3e5e7795d31446","0"
"117","oI8AC5bD4fZRT4O8ZhZFQHOsEGDI","yzxfile/5ecdca8f7933c__!tmp_96851e7268d28fee6a9e667d5fc58810.jpg","张翔","1","15026859856","1994-6-6","064818","9","2020-5-27 10:03:21","1","2020-5-28 14:58:55","1","2",,"1","1","f4d96af4467a6c393e0ba1ef7c8b16c4","0"
"118",,,"李强","1","13120512076","1970-2-1","123456","64","2020-5-27 14:30:49","1","2020-5-27 14:30:49","1","1",,"0","1",,"0"
"119",,,"云话测试","1","13120512076","2020-5-5","123456","64","2020-5-27 17:08:45","1","2020-5-27 17:08:45","1","1",,"0","1",,"1"
"120","oI8AC5de_TmslReJ3QRtpTLzRaYo","yzxfile/5ece2e7c289fc__!tmp_d79a8103210c22d6b9a675a6dad0ae9b.jpg","云话测试","1","13120512076","2020-5-27","123456","64","2020-5-27 17:10:22","1","2020-5-28 17:21:40","1","2",,"44","1","ebb6e797f5ce968b3a32fca3efe3dbf7","0"
"122",,,"王茂","1","13120512076","1990-1-16","123456","64","2020-5-28 10:51:31","1","2020-5-28 10:51:31","1","1",,"0","1",,"0"
"123",,,"李刚","1","13120512076","2020-4-13","123456","64","2020-5-28 11:16:00","1","2020-5-28 11:16:00","1","1",,"0","1",,"0"
"124",,,"宝宝","1","18888888888","2020-5-13","123564","65","2020-5-28 11:40:33","1","2020-5-28 11:40:33","1","1",,"0","1",,"0"
"125",,,"蔡浩","2","13120512076","2000-1-17","123456","91","2020-5-28 11:43:15","1","2020-5-28 11:43:15","1","1",,"0","1",,"0"
"126",,,"华为研发2组","1","13120512076","2000-1-24","123456","66","2020-5-28 11:56:28","1","2020-5-28 11:56:28","1","1",,"0","1",,"0"
"127",,,"华为研发2组-2","1","13120888888","1985-6-4","123456","66","2020-5-28 11:58:28","1","2020-5-28 11:58:28","1","1",,"0","2",,"0"
"128",,,"孙大伟","1","13120512077","1980-10-7","123456","47","2020-5-28 14:27:10","1","2020-5-28 14:27:10","1","1",,"0","1",,"0"
"129",,,"张宝峰","1","13120112098","1975-6-9","123456","48","2020-5-28 14:28:14","1","2020-5-28 14:28:14","1","1",,"0","1",,"0"
"130",,,"马云南","1","13122222222","1980-10-14","123456","66","2020-5-29 09:31:27","1","2020-5-29 09:31:27","1","1",,"0","1",,"0"
"131",,,"王先锋","1","13120220202","1985-6-4","123456","48","2020-5-29 10:16:30","1","2020-5-29 10:16:30","1","1",,"0","1",,"0"
"132","oI8AC5XG2PAxLIQS0g8jN9fQ-vj4","yzxfile/5ed9b8c95098a__!tmp_c548b7787c4dce9e97a8592d0d8fcd11.jpg","吴志龙","1","18600267637","1987-7-10","103378","52","2020-6-5 11:15:23","1","2020-6-18 18:22:35","1","2",,"1","2","da64b6ed8e445db782e0af5ba6a7cf1b","0"
"133",,,"王丹丹","2","13122558026","2020-6-15","6348372636","9","2020-6-11 15:08:02","1","2020-6-11 15:08:02","1","1",,"0","1",,"0"
