"id","admin_id","date_time","function","operate"
"896","44","28/5/2020 11:16:00","本地管理","新增"
"897","44","28/5/2020 11:16:03","本地管理","查看"
"898","44","28/5/2020 11:16:09","本地管理","修改"
"899","44","28/5/2020 11:16:23","选举管理","查看"
"900","44","28/5/2020 11:16:58","组织管理","查看"
"901","44","28/5/2020 11:17:34","组织管理","查看"
"902","44","28/5/2020 11:17:46","组织管理","查看"
"903","44","28/5/2020 11:17:57","组织管理","修改"
"904","44","28/5/2020 11:18:10","组织管理","修改"
"905","44","28/5/2020 11:18:15","组织管理","修改"
"906","44","28/5/2020 11:18:18","选举管理","查看"
"907","44","28/5/2020 11:18:23","选举管理","查看"
"908","44","28/5/2020 11:20:27","组织管理","查看"
"909","44","28/5/2020 11:20:31","组织管理","查看"
"910","44","28/5/2020 11:20:37","组织管理","修改"
"911","44","28/5/2020 11:21:08","组织管理","查看"
"912","44","28/5/2020 11:21:12","组织管理","查看"
"913","44","28/5/2020 11:21:18","组织管理","修改"
"914","44","28/5/2020 11:21:34","组织管理","查看"
"915","44","28/5/2020 11:21:37","组织管理","查看"
"916","44","28/5/2020 11:21:43","组织管理","修改"
"917","44","28/5/2020 11:24:15","组织管理","查看"
"918","44","28/5/2020 11:24:16","组织管理","查看"
"919","44","28/5/2020 11:24:21","组织管理","修改"
"920","44","28/5/2020 11:24:21","组织管理","新增"
"921","44","28/5/2020 11:26:46","组织管理","查看"
"922","44","28/5/2020 11:26:57","组织管理","新增"
"923","44","28/5/2020 11:27:05","组织管理","查看"
"924","44","28/5/2020 11:27:24","组织管理","修改"
"925","44","28/5/2020 11:27:24","组织管理","新增"
"926","44","28/5/2020 11:27:29","组织管理","查看"
"927","44","28/5/2020 11:28:15","组织管理","查看"
"928","44","28/5/2020 11:31:09","组织管理","查看"
"929","44","28/5/2020 11:31:17","组织管理","新增"
"930","44","28/5/2020 11:31:17","组织管理","查看"
"931","44","28/5/2020 11:31:31","组织管理","查看"
"932","44","28/5/2020 11:31:54","组织管理","查看"
"933","44","28/5/2020 11:32:16","组织管理","新增"
"934","44","28/5/2020 11:32:16","组织管理","查看"
"935","44","28/5/2020 11:32:28","组织管理","查看"
"936","44","28/5/2020 11:32:47","组织管理","新增"
"937","44","28/5/2020 11:32:48","组织管理","查看"
"938","44","28/5/2020 11:32:55","组织管理","修改"
"939","44","28/5/2020 11:32:55","组织管理","新增"
"940","44","28/5/2020 11:32:55","组织管理","查看"
"941","44","28/5/2020 11:32:59","组织管理","修改"
"942","44","28/5/2020 11:32:59","组织管理","新增"
"943","44","28/5/2020 11:33:00","组织管理","查看"
"944","44","28/5/2020 11:33:26","本地管理","查看"
"945","44","28/5/2020 11:33:35","本地管理","查看"
"946","44","28/5/2020 11:33:45","本地管理","查看"
"947","44","28/5/2020 11:34:22","本地管理","查看"
"948","44","28/5/2020 11:34:33","本地管理","查看"
"949","44","28/5/2020 11:34:49","本地管理","查看"
"950","44","28/5/2020 11:35:32","本地管理","查看"
"951","44","28/5/2020 11:35:36","本地管理","查看"
"952","44","28/5/2020 11:35:43","本地管理","查看"
"953","44","28/5/2020 11:35:58","本地管理","查看"
"954","44","28/5/2020 11:36:11","本地管理","查看"
"955","46","28/5/2020 11:36:25","本地管理","查看"
"956","46","28/5/2020 11:36:43","本地管理","查看"
"957","46","28/5/2020 11:36:48","本地管理","查看"
"958","46","28/5/2020 11:37:19","本地管理","查看"
"959","46","28/5/2020 11:37:28","本地管理","查看"
"960","46","28/5/2020 11:37:47","本地管理","查看"
"961","46","28/5/2020 11:38:23","本地管理","查看"
"962","46","28/5/2020 11:38:58","本地管理","查看"
"963","46","28/5/2020 11:39:49","本地管理","查看"
"964","46","28/5/2020 11:40:07","本地管理","查看"
"965","46","28/5/2020 11:40:33","本地管理","新增"
"966","46","28/5/2020 11:40:35","本地管理","查看"
"967","44","28/5/2020 11:40:50","本地管理","查看"
"968","1","28/5/2020 11:41:06","本地管理","查看"
"969","44","28/5/2020 11:41:45","组织管理","查看"
"970","44","28/5/2020 11:42:08","组织管理","查看"
"971","44","28/5/2020 11:42:32","组织管理","新增"
"972","44","28/5/2020 11:42:32","组织管理","查看"
"973","44","28/5/2020 11:43:15","本地管理","新增"
"974","44","28/5/2020 11:43:22","本地管理","查看"
"975","44","28/5/2020 11:43:29","本地管理","修改"
"976","44","28/5/2020 11:43:39","选举管理","查看"
"977","44","28/5/2020 11:44:01","本地管理","查看"
"978","44","28/5/2020 11:44:04","本地管理","修改"
"979","44","28/5/2020 11:44:23","选举管理","查看"
"980","44","28/5/2020 11:45:30","组织管理","查看"
"981","1","28/5/2020 11:47:10","组织管理","查看"
"982","44","28/5/2020 11:54:48","账号管理","查看"
"983","44","28/5/2020 11:54:53","账号管理","修改"
"984","47","28/5/2020 11:56:28","本地管理","新增"
"985","44","28/5/2020 11:58:28","本地管理","新增"
"986","1","28/5/2020 12:00:46","账号管理","查看"
"987","44","28/5/2020 13:04:17","账号管理","查看"
"988","1","28/5/2020 13:07:56","账号管理","查看"
"989","44","28/5/2020 13:32:21","组织管理","查看"
"990","43","28/5/2020 13:32:43","组织管理","查看"
"991","43","28/5/2020 13:35:32","组织管理","查看"
"992","43","28/5/2020 13:36:11","本地管理","查看"
"993","43","28/5/2020 13:36:19","本地管理","修改"
"994","43","28/5/2020 13:39:12","本地管理","查看"
"995","43","28/5/2020 13:39:16","本地管理","修改"
"996","43","28/5/2020 13:39:30","本地管理","查看"
"997","43","28/5/2020 13:39:35","本地管理","修改"
"998","43","28/5/2020 13:39:37","本地管理","查看"
"999","43","28/5/2020 13:39:40","本地管理","修改"
"1000","43","28/5/2020 13:39:45","本地管理","查看"
"1001","43","28/5/2020 13:39:52","本地管理","修改"
"1002","43","28/5/2020 13:40:00","本地管理","查看"
"1003","43","28/5/2020 13:40:04","本地管理","修改"
"1004","43","28/5/2020 13:40:07","本地管理","查看"
"1005","43","28/5/2020 13:40:11","本地管理","修改"
"1006","43","28/5/2020 13:40:38","账号管理","查看"
"1007","43","28/5/2020 13:41:35","审批管理","查看"
"1008","43","28/5/2020 13:41:38","审批管理","查看"
"1009","43","28/5/2020 13:41:45","审批管理","查看"
"1010","43","28/5/2020 13:42:06","选举管理","查看"
"1011","43","28/5/2020 13:42:11","选举管理","查看"
"1012","43","28/5/2020 13:45:16","选举管理","新增"
"1013","43","28/5/2020 13:45:49","选举管理","查看"
"1014","43","28/5/2020 13:48:18","选举管理","查看"
"1015","43","28/5/2020 13:48:22","选举管理","查看"
"1016","43","28/5/2020 13:48:33","选举管理","新增"
"1017","43","28/5/2020 13:49:05","选举管理","查看"
"1018","43","28/5/2020 13:49:08","选举管理","新增"
"1019","43","28/5/2020 13:49:24","选举管理","查看"
"1020","43","28/5/2020 13:49:27","选举管理","新增"
"1021","43","28/5/2020 13:49:52","选举管理","查看"
"1022","43","28/5/2020 13:52:48","选举管理","新增"
"1023","43","28/5/2020 13:54:47","选举管理","查看"
"1024","43","28/5/2020 13:54:57","选举管理","新增"
"1025","43","28/5/2020 13:57:01","选举管理","查看"
"1026","43","28/5/2020 13:58:15","选举管理","查看"
"1027","43","28/5/2020 13:58:19","选举管理","查看"
"1028","1","28/5/2020 14:02:27","选举管理","查看"
"1029","1","28/5/2020 14:02:30","选举管理","查看"
"1030","1","28/5/2020 14:02:37","组织管理","查看"
"1031","1","28/5/2020 14:03:30","选举管理","查看"
"1032","1","28/5/2020 14:03:34","选举管理","查看"
"1033","1","28/5/2020 14:03:57","选举管理","查看"
"1034","1","28/5/2020 14:04:02","选举管理","查看"
"1035","1","28/5/2020 14:04:15","选举管理","查看"
"1036","1","28/5/2020 14:04:20","选举管理","修改"
"1037","1","28/5/2020 14:04:28","选举管理","查看"
"1038","1","28/5/2020 14:04:30","选举管理","查看"
"1039","1","28/5/2020 14:05:11","组织管理","查看"
"1040","1","28/5/2020 14:05:20","账号管理","查看"
"1041","43","28/5/2020 14:05:37","选举管理","查看"
"1042","43","28/5/2020 14:05:42","选举管理","修改"
"1043","43","28/5/2020 14:05:45","选举管理","查看"
"1044","1","28/5/2020 14:06:14","选举管理","查看"
"1045","43","28/5/2020 14:12:18","选举管理","查看"
"1046","43","28/5/2020 14:12:25","选举管理","查看"
"1047","43","28/5/2020 14:12:32","选举管理","查看"
"1048","43","28/5/2020 14:12:41","选举管理","查看"
"1049","43","28/5/2020 14:12:54","选举管理","查看"
"1050","43","28/5/2020 14:13:14","选举管理","修改"
"1051","43","28/5/2020 14:13:31","选举管理","查看"
"1052","43","28/5/2020 14:13:38","选举管理","查看"
"1053","43","28/5/2020 14:13:41","选举管理","查看"
"1054","43","28/5/2020 14:13:43","选举管理","修改"
"1055","1","28/5/2020 14:15:16","选举管理","查看"
"1056","43","28/5/2020 14:18:21","选举管理","新增"
"1057","43","28/5/2020 14:21:19","选举管理","查看"
"1058","43","28/5/2020 14:21:27","选举管理","查看"
"1059","43","28/5/2020 14:21:48","选举管理","修改"
"1060","43","28/5/2020 14:21:53","选举管理","查看"
"1061","43","28/5/2020 14:26:15","本地管理","查看"
"1062","43","28/5/2020 14:27:09","本地管理","新增"
"1063","43","28/5/2020 14:27:19","本地管理","查看"
"1064","43","28/5/2020 14:27:23","本地管理","修改"
"1065","43","28/5/2020 14:27:26","本地管理","查看"
"1066","43","28/5/2020 14:27:28","本地管理","修改"
"1067","43","28/5/2020 14:28:14","本地管理","新增"
"1068","43","28/5/2020 14:38:47","账号管理","新增"
"1069","43","28/5/2020 14:43:32","本地管理","查看"
"1070","43","28/5/2020 14:43:36","本地管理","修改"
"1071","49","28/5/2020 14:45:50","选举管理","新增"
"1072","49","28/5/2020 14:46:49","选举管理","查看"
"1073","49","28/5/2020 14:46:54","选举管理","查看"
"1074","43","28/5/2020 14:47:22","选举管理","查看"
"1075","1","28/5/2020 14:47:40","组织管理","查看"
"1076","1","28/5/2020 14:48:06","组织管理","查看"
"1077","1","28/5/2020 14:48:35","审批管理","查看"
"1078","43","28/5/2020 14:56:51","选举管理","查看"
"1079","43","28/5/2020 14:56:56","选举管理","修改"
"1080","43","28/5/2020 14:57:01","选举管理","查看"
"1081","43","28/5/2020 14:57:24","选举管理","查看"
"1082","43","28/5/2020 14:57:27","选举管理","修改"
"1083","43","28/5/2020 14:57:32","选举管理","查看"
"1084","43","28/5/2020 14:58:13","选举管理","新增"
"1085","43","28/5/2020 14:58:19","选举管理","查看"
"1086","43","28/5/2020 14:58:25","选举管理","查看"
"1087","43","28/5/2020 14:58:28","选举管理","修改"
"1088","43","28/5/2020 14:58:33","选举管理","查看"
"1089","43","28/5/2020 14:58:39","选举管理","查看"
"1090","43","28/5/2020 14:58:42","选举管理","修改"
"1091","1","28/5/2020 14:58:45","审批管理","查看"
"1092","1","28/5/2020 14:58:52","审批管理","修改"
"1093","1","28/5/2020 14:58:55","审批管理","通过"
"1094","1","28/5/2020 14:58:56","审批管理","查看"
"1095","1","28/5/2020 14:59:21","审批管理","查看"
"1096","1","28/5/2020 14:59:49","选举管理","查看"
"1097","1","28/5/2020 14:59:56","选举管理","查看"
"1098","1","28/5/2020 15:00:01","选举管理","修改"
"1099","43","28/5/2020 15:00:07","选举管理","查看"
"1100","1","28/5/2020 15:00:07","选举管理","查看"
"1101","43","28/5/2020 15:00:12","选举管理","查看"
"1102","1","28/5/2020 15:00:15","选举管理","修改"
"1103","43","28/5/2020 15:00:29","选举管理","查看"
"1104","43","28/5/2020 15:00:31","选举管理","修改"
"1105","43","28/5/2020 15:00:44","选举管理","查看"
"1106","43","28/5/2020 15:01:01","选举管理","查看"
"1107","43","28/5/2020 15:01:18","选举管理","查看"
"1108","43","28/5/2020 15:01:55","选举管理","查看"
"1109","43","28/5/2020 15:01:57","选举管理","修改"
"1110","43","28/5/2020 15:02:09","选举管理","查看"
"1111","43","28/5/2020 15:02:13","选举管理","查看"
"1112","1","28/5/2020 15:04:05","账号管理","查看"
"1113","1","28/5/2020 15:04:13","账号管理","修改"
"1114","1","28/5/2020 15:04:26","账号管理","查看"
"1115","1","28/5/2020 15:16:15","组织管理","查看"
"1116","43","28/5/2020 15:21:43","选举管理","查看"
"1117","43","28/5/2020 15:21:49","选举管理","查看"
"1118","43","28/5/2020 15:21:51","选举管理","查看"
"1119","43","28/5/2020 15:21:53","选举管理","查看"
"1120","43","28/5/2020 15:21:56","选举管理","查看"
"1121","43","28/5/2020 15:21:58","选举管理","查看"
"1122","43","28/5/2020 15:22:01","选举管理","查看"
"1123","43","28/5/2020 15:22:07","选举管理","查看"
"1124","43","28/5/2020 15:22:11","选举管理","查看"
"1125","43","28/5/2020 15:22:12","选举管理","修改"
"1126","43","28/5/2020 15:22:21","选举管理","查看"
"1127","43","28/5/2020 15:23:06","选举管理","查看"
"1128","43","28/5/2020 15:25:17","选举管理","查看"
"1129","1","28/5/2020 15:35:36","选举管理","查看"
"1130","1","28/5/2020 15:50:30","选举管理","查看"
"1131","1","28/5/2020 15:57:28","选举管理","查看"
"1132","1","28/5/2020 16:03:04","选举管理","查看"
"1133","1","28/5/2020 16:06:25","选举管理","查看"
"1134","1","28/5/2020 16:07:38","选举管理","查看"
"1135","1","28/5/2020 16:09:00","选举管理","查看"
"1136","1","28/5/2020 16:09:39","选举管理","新增"
"1137","1","28/5/2020 16:09:49","选举管理","查看"
"1138","1","28/5/2020 16:09:54","选举管理","查看"
"1139","1","28/5/2020 16:10:03","选举管理","修改"
"1140","1","28/5/2020 16:10:11","选举管理","查看"
"1141","1","28/5/2020 16:10:16","选举管理","查看"
"1142","1","28/5/2020 16:10:28","选举管理","修改"
"1143","1","28/5/2020 16:13:15","选举管理","查看"
"1144","1","28/5/2020 16:13:30","选举管理","修改"
"1145","1","28/5/2020 16:13:36","选举管理","查看"
"1146","1","28/5/2020 16:13:40","选举管理","查看"
"1147","1","28/5/2020 16:13:49","选举管理","查看"
"1148","1","28/5/2020 16:13:55","选举管理","修改"
"1149","1","28/5/2020 16:13:58","选举管理","查看"
"1150","1","28/5/2020 16:14:02","选举管理","查看"
"1151","1","28/5/2020 16:14:09","选举管理","查看"
"1152","1","28/5/2020 16:14:25","选举管理","修改"
"1153","1","28/5/2020 16:14:40","选举管理","查看"
"1154","1","28/5/2020 16:14:47","选举管理","查看"
"1155","1","28/5/2020 16:14:55","选举管理","修改"
"1156","1","28/5/2020 16:15:01","选举管理","查看"
"1157","1","28/5/2020 16:15:06","选举管理","查看"
"1158","1","28/5/2020 16:15:18","选举管理","修改"
"1159","1","28/5/2020 16:15:21","选举管理","查看"
"1160","1","28/5/2020 16:15:26","选举管理","查看"
"1161","1","28/5/2020 16:15:34","选举管理","查看"
"1162","1","28/5/2020 16:15:56","选举管理","修改"
"1163","1","28/5/2020 16:15:57","选举管理","查看"
"1164","1","28/5/2020 16:16:03","选举管理","修改"
"1165","1","28/5/2020 16:16:04","选举管理","查看"
"1166","1","28/5/2020 16:16:08","选举管理","修改"
"1167","1","28/5/2020 16:16:09","选举管理","查看"
"1168","1","28/5/2020 16:16:54","选举管理","新增"
"1169","1","28/5/2020 16:16:58","选举管理","查看"
"1170","1","28/5/2020 16:17:03","选举管理","查看"
"1171","1","28/5/2020 16:17:07","选举管理","查看"
"1172","1","28/5/2020 16:17:11","选举管理","修改"
"1173","1","28/5/2020 16:17:13","选举管理","查看"
"1174","1","28/5/2020 16:17:18","选举管理","查看"
"1175","1","28/5/2020 16:17:21","选举管理","查看"
"1176","1","28/5/2020 16:17:31","选举管理","修改"
"1177","1","28/5/2020 16:17:32","选举管理","查看"
"1178","1","28/5/2020 16:17:40","选举管理","查看"
"1179","1","28/5/2020 16:17:46","选举管理","修改"
"1180","1","28/5/2020 16:17:48","选举管理","查看"
"1181","1","28/5/2020 16:17:53","选举管理","查看"
"1182","1","28/5/2020 16:18:11","选举管理","修改"
"1183","1","28/5/2020 16:18:13","选举管理","查看"
"1184","1","28/5/2020 16:18:18","选举管理","查看"
"1185","1","28/5/2020 16:18:32","选举管理","修改"
"1186","1","28/5/2020 16:18:34","选举管理","查看"
"1187","1","28/5/2020 16:18:40","选举管理","查看"
"1188","1","28/5/2020 16:18:46","选举管理","查看"
"1189","1","28/5/2020 16:18:59","选举管理","修改"
"1190","1","28/5/2020 16:19:00","选举管理","查看"
"1191","1","28/5/2020 16:19:06","选举管理","查看"
"1192","1","28/5/2020 16:19:12","选举管理","修改"
"1193","1","28/5/2020 16:19:13","选举管理","查看"
"1194","1","28/5/2020 16:19:18","选举管理","查看"
"1195","1","28/5/2020 17:00:20","选举管理","查看"
"1196","43","28/5/2020 17:16:01","组织管理","查看"
"1197","43","28/5/2020 17:17:57","本地管理","查看"
"1198","43","28/5/2020 17:20:56","审批管理","查看"
"1199","44","28/5/2020 17:21:36","审批管理","查看"
"1200","44","28/5/2020 17:21:40","审批管理","修改"
"1201","44","28/5/2020 17:21:54","本地管理","查看"
"1202","44","28/5/2020 17:21:58","本地管理","修改"
"1203","44","28/5/2020 17:23:19","选举管理","新增"
"1204","44","28/5/2020 17:24:01","选举管理","查看"
"1205","44","28/5/2020 17:26:38","选举管理","查看"
"1206","43","28/5/2020 17:28:02","选举管理","新增"
"1207","43","28/5/2020 17:32:23","组织管理","查看"
"1208","1","28/5/2020 17:44:00","选举管理","查看"
"1209","1","28/5/2020 17:44:24","选举管理","修改"
"1210","1","28/5/2020 17:44:26","选举管理","查看"
"1211","1","28/5/2020 17:44:30","选举管理","查看"
"1212","1","28/5/2020 17:44:47","选举管理","修改"
"1213","1","28/5/2020 17:44:48","选举管理","查看"
"1214","1","28/5/2020 17:44:54","选举管理","查看"
"1215","1","28/5/2020 17:47:18","选举管理","查看"
"1216","1","28/5/2020 17:47:31","选举管理","查看"
"1217","1","28/5/2020 17:49:55","选举管理","查看"
"1218","1","28/5/2020 17:51:29","选举管理","查看"
"1219","1","28/5/2020 17:53:17","选举管理","查看"
"1220","1","28/5/2020 17:53:28","选举管理","修改"
"1221","1","28/5/2020 17:55:43","选举管理","查看"
"1222","1","28/5/2020 17:57:48","选举管理","查看"
"1223","1","28/5/2020 17:58:05","选举管理","修改"
"1224","1","28/5/2020 17:58:14","选举管理","查看"
"1225","1","28/5/2020 17:59:29","选举管理","查看"
"1226","1","28/5/2020 18:02:22","选举管理","查看"
"1227","1","28/5/2020 18:02:25","选举管理","查看"
"1228","1","28/5/2020 18:02:47","选举管理","查看"
"1229","1","28/5/2020 18:02:49","选举管理","查看"
"1230","1","28/5/2020 18:02:56","选举管理","修改"
"1231","1","28/5/2020 18:03:04","选举管理","查看"
"1232","1","28/5/2020 18:03:09","选举管理","查看"
"1233","1","28/5/2020 18:03:31","选举管理","修改"
"1234","1","28/5/2020 18:03:37","选举管理","查看"
"1235","1","28/5/2020 18:03:40","选举管理","查看"
"1236","1","28/5/2020 18:03:47","选举管理","修改"
"1237","1","28/5/2020 18:03:49","选举管理","查看"
"1238","1","28/5/2020 18:03:52","选举管理","查看"
"1239","1","29/5/2020 09:16:28","选举管理","新增"
"1240","1","29/5/2020 09:16:35","选举管理","查看"
"1241","1","29/5/2020 09:16:42","选举管理","查看"
"1242","1","29/5/2020 09:16:49","选举管理","修改"
"1243","1","29/5/2020 09:17:15","选举管理","查看"
"1244","1","29/5/2020 09:17:34","选举管理","查看"
"1245","1","29/5/2020 09:20:43","选举管理","查看"
"1246","1","29/5/2020 09:21:06","选举管理","修改"
"1247","1","29/5/2020 09:24:29","选举管理","新增"
"1248","1","29/5/2020 09:24:34","选举管理","查看"
"1249","1","29/5/2020 09:24:38","选举管理","新增"
"1250","1","29/5/2020 09:24:42","选举管理","查看"
"1251","1","29/5/2020 09:24:46","选举管理","新增"
"1252","1","29/5/2020 09:24:52","选举管理","查看"
"1253","44","29/5/2020 09:30:14","本地管理","查看"
"1254","44","29/5/2020 09:30:16","本地管理","修改"
"1255","44","29/5/2020 09:31:27","本地管理","新增"
"1256","44","29/5/2020 09:31:30","本地管理","查看"
"1257","44","29/5/2020 09:31:34","本地管理","修改"
"1258","44","29/5/2020 10:00:52","选举管理","查看"
"1259","44","29/5/2020 10:01:02","组织管理","查看"
"1260","44","29/5/2020 10:01:10","本地管理","查看"
"1261","44","29/5/2020 10:02:20","本地管理","修改"
"1262","44","29/5/2020 10:02:25","本地管理","查看"
"1263","44","29/5/2020 10:02:28","本地管理","修改"
"1264","44","29/5/2020 10:02:29","本地管理","查看"
"1265","44","29/5/2020 10:02:34","本地管理","修改"
"1266","44","29/5/2020 10:06:48","组织管理","查看"
"1267","44","29/5/2020 10:07:38","账号管理","新增"
"1268","1","29/5/2020 10:08:55","账号管理","查看"
"1269","50","29/5/2020 10:16:30","本地管理","新增"
"1270","50","29/5/2020 10:16:34","本地管理","查看"
"1271","50","29/5/2020 10:16:39","本地管理","修改"
"1272","43","29/5/2020 10:18:18","选举管理","查看"
"1273","43","29/5/2020 10:18:22","选举管理","查看"
"1274","43","29/5/2020 10:18:30","选举管理","修改"
"1275","43","29/5/2020 10:18:32","选举管理","查看"
"1276","43","29/5/2020 10:18:39","选举管理","查看"
"1277","43","29/5/2020 10:18:53","选举管理","修改"
"1278","43","29/5/2020 10:19:03","选举管理","查看"
"1279","43","29/5/2020 10:19:07","选举管理","查看"
"1280","43","29/5/2020 10:19:14","选举管理","修改"
"1281","43","29/5/2020 10:19:37","选举管理","查看"
"1282","43","29/5/2020 10:19:59","选举管理","查看"
"1283","43","29/5/2020 10:20:15","选举管理","查看"
"1284","43","29/5/2020 10:20:20","选举管理","查看"
"1285","43","29/5/2020 10:20:28","选举管理","修改"
"1286","43","29/5/2020 10:20:42","选举管理","查看"
"1287","43","29/5/2020 10:20:46","选举管理","查看"
"1288","43","29/5/2020 10:20:51","选举管理","查看"
"1289","43","29/5/2020 10:21:00","选举管理","修改"
"1290","43","29/5/2020 10:21:09","选举管理","查看"
"1291","43","29/5/2020 10:22:13","选举管理","新增"
"1292","43","29/5/2020 10:22:47","选举管理","查看"
"1293","43","29/5/2020 10:22:53","选举管理","查看"
"1294","43","29/5/2020 10:23:04","选举管理","修改"
"1295","43","29/5/2020 10:23:12","选举管理","查看"
"1296","43","29/5/2020 10:23:17","选举管理","查看"
"1297","43","29/5/2020 10:23:19","选举管理","修改"
"1298","43","29/5/2020 10:23:20","选举管理","查看"
"1299","43","29/5/2020 10:28:15","选举管理","新增"
"1300","43","29/5/2020 10:33:29","选举管理","查看"
"1301","43","29/5/2020 10:33:36","选举管理","查看"
"1302","43","29/5/2020 10:34:55","选举管理","修改"
"1303","43","29/5/2020 10:34:56","选举管理","查看"
"1304","43","29/5/2020 10:35:00","选举管理","查看"
"1305","43","29/5/2020 10:35:03","选举管理","查看"
"1306","43","29/5/2020 10:35:05","选举管理","修改"
"1307","43","29/5/2020 10:35:24","选举管理","查看"
"1308","1","29/5/2020 10:38:30","选举管理","新增"
"1309","1","29/5/2020 10:44:39","选举管理","查看"
"1310","1","29/5/2020 10:44:41","选举管理","修改"
"1311","1","29/5/2020 10:48:45","选举管理","查看"
"1312","1","29/5/2020 10:49:06","选举管理","修改"
"1313","1","29/5/2020 10:49:57","选举管理","查看"
"1314","1","29/5/2020 10:49:59","选举管理","修改"
"1315","1","29/5/2020 10:56:19","选举管理","查看"
"1316","1","29/5/2020 10:56:28","选举管理","修改"
"1317","1","29/5/2020 10:56:31","选举管理","查看"
"1318","1","29/5/2020 10:56:42","选举管理","查看"
"1319","1","29/5/2020 10:56:44","选举管理","修改"
"1320","1","29/5/2020 10:56:45","选举管理","查看"
"1321","1","29/5/2020 10:56:49","选举管理","修改"
"1322","1","29/5/2020 10:59:10","选举管理","查看"
"1323","1","29/5/2020 10:59:13","选举管理","修改"
"1324","1","29/5/2020 11:04:27","选举管理","查看"
"1325","1","29/5/2020 11:04:46","选举管理","修改"
"1326","1","29/5/2020 11:04:58","选举管理","查看"
"1327","1","29/5/2020 11:06:56","选举管理","修改"
"1328","1","29/5/2020 11:06:59","选举管理","查看"
"1329","1","29/5/2020 11:07:07","选举管理","修改"
"1330","1","29/5/2020 11:07:40","选举管理","查看"
"1331","1","29/5/2020 11:07:51","选举管理","修改"
"1332","1","29/5/2020 11:10:12","选举管理","查看"
"1333","1","29/5/2020 11:10:21","选举管理","修改"
"1334","1","29/5/2020 11:10:26","选举管理","查看"
"1335","1","29/5/2020 11:10:41","选举管理","查看"
"1336","1","29/5/2020 11:10:44","选举管理","查看"
"1337","1","29/5/2020 11:10:51","选举管理","查看"
"1338","1","29/5/2020 11:10:54","选举管理","修改"
"1339","1","29/5/2020 11:11:29","选举管理","查看"
"1340","1","29/5/2020 11:11:32","选举管理","修改"
"1341","1","29/5/2020 11:12:53","选举管理","查看"
"1342","1","29/5/2020 11:12:57","选举管理","修改"
"1343","1","29/5/2020 11:13:34","选举管理","查看"
"1344","1","29/5/2020 11:13:36","选举管理","修改"
"1345","1","29/5/2020 11:13:39","选举管理","查看"
"1346","1","29/5/2020 11:13:40","选举管理","修改"
"1347","1","29/5/2020 11:13:45","选举管理","查看"
"1348","1","29/5/2020 11:13:49","选举管理","修改"
"1349","1","29/5/2020 11:13:52","选举管理","查看"
"1350","1","29/5/2020 11:14:05","选举管理","修改"
"1351","1","29/5/2020 11:14:25","选举管理","查看"
"1352","1","29/5/2020 11:14:28","选举管理","修改"
"1353","1","29/5/2020 11:14:31","选举管理","查看"
"1354","1","29/5/2020 11:14:36","选举管理","修改"
"1355","1","29/5/2020 11:14:54","选举管理","查看"
"1356","1","29/5/2020 11:15:05","选举管理","查看"
"1357","1","29/5/2020 11:15:08","选举管理","修改"
"1358","1","29/5/2020 11:15:10","选举管理","查看"
"1359","1","29/5/2020 11:15:13","选举管理","修改"
"1360","1","29/5/2020 11:15:16","选举管理","查看"
"1361","1","29/5/2020 11:15:20","选举管理","修改"
"1362","1","29/5/2020 11:15:22","选举管理","查看"
"1363","1","29/5/2020 11:15:26","选举管理","查看"
"1364","1","29/5/2020 11:15:31","选举管理","修改"
"1365","1","29/5/2020 11:15:36","选举管理","查看"
"1366","1","29/5/2020 11:15:38","选举管理","修改"
"1367","1","29/5/2020 11:15:51","选举管理","查看"
"1368","1","29/5/2020 11:15:56","选举管理","修改"
"1369","1","29/5/2020 11:16:01","选举管理","查看"
"1370","1","29/5/2020 11:16:04","选举管理","查看"
"1371","1","29/5/2020 11:16:08","选举管理","查看"
"1372","1","29/5/2020 11:16:10","选举管理","修改"
"1373","1","29/5/2020 11:16:15","选举管理","查看"
"1374","1","29/5/2020 11:16:17","选举管理","修改"
"1375","1","29/5/2020 11:16:29","选举管理","查看"
"1376","1","29/5/2020 11:16:30","选举管理","修改"
"1377","1","29/5/2020 11:16:31","选举管理","查看"
"1378","1","29/5/2020 11:16:35","选举管理","查看"
"1379","1","29/5/2020 11:16:37","选举管理","修改"
"1380","43","29/5/2020 11:18:17","选举管理","查看"
"1381","43","29/5/2020 11:18:22","选举管理","修改"
"1382","43","29/5/2020 11:18:29","选举管理","查看"
"1383","43","29/5/2020 11:18:32","选举管理","查看"
"1384","43","29/5/2020 11:29:59","选举管理","查看"
"1385","44","29/5/2020 11:33:25","选举管理","新增"
"1386","44","29/5/2020 11:33:26","选举管理","查看"
"1387","44","29/5/2020 11:33:55","选举管理","查看"
"1388","44","29/5/2020 11:36:37","本地管理","查看"
"1389","44","29/5/2020 11:36:45","本地管理","修改"
"1390","44","29/5/2020 11:36:58","本地管理","查看"
"1391","44","29/5/2020 11:37:08","本地管理","修改"
"1392","44","29/5/2020 11:45:57","本地管理","查看"
"1393","44","29/5/2020 11:46:02","本地管理","修改"
"1394","44","29/5/2020 11:46:04","本地管理","查看"
"1395","44","29/5/2020 11:46:07","本地管理","修改"
"1396","44","29/5/2020 11:46:10","本地管理","查看"
"1397","44","29/5/2020 11:46:14","本地管理","修改"
"1398","44","29/5/2020 11:46:21","本地管理","查看"
"1399","44","29/5/2020 11:46:24","本地管理","修改"
"1400","44","29/5/2020 11:46:28","本地管理","查看"
"1401","44","29/5/2020 11:46:30","本地管理","修改"
"1402","44","29/5/2020 11:46:32","本地管理","查看"
"1403","44","29/5/2020 11:46:34","本地管理","修改"
"1404","44","29/5/2020 11:47:34","本地管理","查看"
"1405","44","29/5/2020 11:47:42","本地管理","修改"
"1406","1","29/5/2020 11:55:41","本地管理","查看"
"1407","1","29/5/2020 11:56:33","本地管理","查看"
"1408","1","29/5/2020 11:56:37","本地管理","修改"
"1409","43","29/5/2020 13:26:32","选举管理","查看"
"1410","43","29/5/2020 13:26:38","选举管理","查看"
"1411","43","29/5/2020 13:26:41","选举管理","修改"
"1412","43","29/5/2020 13:26:44","选举管理","查看"
"1413","43","29/5/2020 13:26:51","选举管理","修改"
"1414","43","29/5/2020 13:27:14","选举管理","查看"
"1415","43","29/5/2020 13:27:51","选举管理","查看"
"1416","43","29/5/2020 13:28:12","选举管理","查看"
"1417","43","29/5/2020 13:33:26","选举管理","查看"
"1418","43","29/5/2020 13:33:31","选举管理","修改"
"1419","43","29/5/2020 13:33:32","选举管理","查看"
"1420","43","29/5/2020 13:33:36","选举管理","查看"
"1421","43","29/5/2020 13:33:46","选举管理","查看"
"1422","43","29/5/2020 13:33:48","选举管理","修改"
"1423","43","29/5/2020 13:33:57","选举管理","查看"
"1424","43","29/5/2020 13:34:04","选举管理","修改"
"1425","43","29/5/2020 13:34:05","选举管理","查看"
"1426","1","29/5/2020 13:35:46","选举管理","查看"
"1427","1","29/5/2020 15:12:16","选举管理","查看"
"1428","23","29/5/2020 15:13:34","组织管理","查看"
"1429","1","29/5/2020 15:44:33","选举管理","查看"
"1430","1","29/5/2020 15:48:24","选举管理","新增"
"1431","1","29/5/2020 15:48:25","选举管理","查看"
"1432","1","29/5/2020 16:54:52","组织管理","查看"
"1433","1","29/5/2020 16:55:00","组织管理","查看"
"1434","1","29/5/2020 16:55:18","组织管理","查看"
"1435","1","29/5/2020 18:04:16","账号管理","查看"
"1436","1","1/6/2020 13:09:51","组织管理","查看"
"1437","1","1/6/2020 13:09:57","账号管理","查看"
"1438","1","1/6/2020 17:10:10","组织管理","查看"
"1439","1","1/6/2020 17:10:15","选举管理","查看"
"1440","1","1/6/2020 17:10:52","选举管理","新增"
"1441","1","1/6/2020 17:10:54","选举管理","查看"
"1442","1","1/6/2020 17:11:40","选举管理","查看"
"1443","1","1/6/2020 17:11:45","选举管理","查看"
"1444","1","1/6/2020 17:11:53","选举管理","修改"
"1445","1","1/6/2020 17:12:05","选举管理","查看"
"1446","1","1/6/2020 17:12:09","选举管理","查看"
"1447","1","1/6/2020 17:12:11","选举管理","修改"
"1448","1","1/6/2020 17:12:15","选举管理","查看"
"1449","1","1/6/2020 17:17:19","选举管理","新增"
"1450","1","1/6/2020 17:17:24","选举管理","查看"
"1451","1","1/6/2020 17:17:37","选举管理","新增"
"1452","1","1/6/2020 17:17:44","选举管理","查看"
"1453","1","1/6/2020 17:17:47","选举管理","查看"
"1454","1","1/6/2020 17:17:51","选举管理","新增"
"1455","1","1/6/2020 17:19:33","选举管理","查看"
"1456","1","1/6/2020 17:19:36","选举管理","查看"
"1457","1","1/6/2020 17:19:44","选举管理","修改"
"1458","1","1/6/2020 17:19:57","选举管理","查看"
"1459","1","1/6/2020 17:20:15","选举管理","查看"
"1460","1","1/6/2020 17:20:22","选举管理","修改"
"1461","1","1/6/2020 17:20:43","选举管理","查看"
"1462","1","1/6/2020 17:21:04","选举管理","修改"
"1463","1","1/6/2020 17:21:09","选举管理","查看"
"1464","1","1/6/2020 17:23:42","选举管理","查看"
"1465","1","1/6/2020 17:24:01","选举管理","修改"
"1466","1","1/6/2020 17:32:24","选举管理","查看"
"1467","1","1/6/2020 17:32:27","选举管理","修改"
"1468","1","1/6/2020 17:32:29","选举管理","查看"
"1469","1","1/6/2020 17:32:34","选举管理","查看"
"1470","1","1/6/2020 17:32:37","选举管理","修改"
"1471","1","1/6/2020 17:32:41","选举管理","查看"
"1472","1","1/6/2020 17:32:43","选举管理","修改"
"1473","1","1/6/2020 17:32:49","选举管理","查看"
"1474","1","1/6/2020 18:01:29","组织管理","查看"
"1475","1","1/6/2020 18:02:02","组织管理","查看"
"1476","1","1/6/2020 18:02:17","组织管理","查看"
"1477","1","1/6/2020 18:02:34","组织管理","查看"
"1478","1","1/6/2020 18:03:28","组织管理","查看"
"1479","23","2/6/2020 10:41:13","组织管理","查看"
"1480","23","2/6/2020 10:41:25","组织管理","查看"
"1481","1","3/6/2020 18:16:50","选举管理","查看"
"1482","1","4/6/2020 17:54:58","账号管理","查看"
"1483","1","4/6/2020 17:55:05","账号管理","查看"
"1484","1","4/6/2020 17:55:08","账号管理","查看"
"1485","1","4/6/2020 17:55:10","账号管理","查看"
"1486","1","4/6/2020 17:55:14","账号管理","查看"
"1487","1","4/6/2020 17:55:18","账号管理","查看"
"1488","1","4/6/2020 17:55:21","账号管理","查看"
"1489","1","4/6/2020 17:55:52","账号管理","查看"
"1490","1","4/6/2020 17:55:59","账号管理","查看"
"1491","1","5/6/2020 09:41:26","选举管理","查看"
"1492","1","5/6/2020 09:41:30","选举管理","修改"
"1493","1","5/6/2020 09:41:37","选举管理","查看"
"1494","1","5/6/2020 09:43:54","选举管理","查看"
"1495","1","5/6/2020 09:43:56","选举管理","修改"
"1496","1","5/6/2020 09:45:58","选举管理","查看"
"1497","1","5/6/2020 09:46:00","选举管理","修改"
"1498","1","5/6/2020 09:46:07","选举管理","查看"
"1499","1","5/6/2020 09:46:09","选举管理","修改"
"1500","1","5/6/2020 09:46:21","选举管理","查看"
"1501","1","5/6/2020 09:46:24","选举管理","修改"
"1502","1","5/6/2020 09:47:24","选举管理","查看"
"1503","1","5/6/2020 09:47:26","选举管理","修改"
"1504","1","5/6/2020 09:47:27","选举管理","查看"
"1505","1","5/6/2020 09:47:29","选举管理","修改"
"1506","1","5/6/2020 09:47:36","选举管理","查看"
"1507","1","5/6/2020 09:47:38","选举管理","修改"
"1508","1","5/6/2020 09:47:39","选举管理","查看"
"1509","1","5/6/2020 09:47:41","选举管理","修改"
"1510","1","5/6/2020 09:47:43","选举管理","查看"
"1511","1","5/6/2020 09:47:50","选举管理","修改"
"1512","1","5/6/2020 09:48:00","选举管理","查看"
"1513","1","5/6/2020 09:48:01","选举管理","修改"
"1514","1","5/6/2020 09:48:04","选举管理","查看"
"1515","1","5/6/2020 09:48:10","选举管理","修改"
"1516","1","5/6/2020 09:48:13","选举管理","查看"
"1517","1","5/6/2020 09:48:14","选举管理","修改"
"1518","1","5/6/2020 09:48:17","选举管理","查看"
"1519","1","5/6/2020 09:48:19","选举管理","修改"
"1520","1","5/6/2020 09:48:55","选举管理","查看"
"1521","1","5/6/2020 09:48:58","选举管理","修改"
"1522","1","5/6/2020 09:49:00","选举管理","查看"
"1523","1","5/6/2020 09:49:06","选举管理","修改"
"1524","1","5/6/2020 09:49:11","选举管理","查看"
"1525","1","5/6/2020 09:49:15","选举管理","修改"
"1526","1","5/6/2020 09:49:18","选举管理","查看"
"1527","1","5/6/2020 09:49:20","选举管理","修改"
"1528","1","5/6/2020 09:49:22","选举管理","查看"
"1529","1","5/6/2020 09:49:31","选举管理","修改"
"1530","1","5/6/2020 09:49:34","选举管理","查看"
"1531","1","5/6/2020 09:49:46","选举管理","修改"
"1532","1","5/6/2020 09:49:52","选举管理","查看"
"1533","1","5/6/2020 09:49:53","选举管理","修改"
"1534","1","5/6/2020 09:49:54","选举管理","查看"
"1535","1","5/6/2020 09:49:58","选举管理","修改"
"1536","1","5/6/2020 09:50:00","选举管理","查看"
"1537","1","5/6/2020 09:50:01","选举管理","修改"
"1538","1","5/6/2020 09:54:21","选举管理","查看"
"1539","1","5/6/2020 09:54:23","选举管理","修改"
"1540","1","5/6/2020 09:54:25","选举管理","查看"
"1541","1","5/6/2020 17:48:59","选举管理","新增"
"1542","1","5/6/2020 17:49:01","选举管理","查看"
"1543","1","5/6/2020 17:49:07","选举管理","查看"
"1544","1","5/6/2020 17:49:15","选举管理","查看"
"1545","1","5/6/2020 17:49:17","选举管理","修改"
"1546","1","5/6/2020 17:49:31","选举管理","查看"
"1547","1","5/6/2020 17:50:32","选举管理","新增"
"1548","1","5/6/2020 17:50:36","选举管理","查看"
"1549","1","5/6/2020 17:51:04","选举管理","新增"
"1550","1","5/6/2020 17:51:08","选举管理","查看"
"1551","1","5/6/2020 17:51:50","选举管理","新增"
"1552","1","5/6/2020 17:51:53","选举管理","查看"
"1553","1","5/6/2020 17:52:03","选举管理","新增"
"1554","1","5/6/2020 17:52:07","选举管理","查看"
"1555","1","5/6/2020 17:53:06","选举管理","新增"
"1556","1","5/6/2020 17:53:12","选举管理","查看"
"1557","1","5/6/2020 17:53:18","选举管理","新增"
"1558","1","5/6/2020 17:53:21","选举管理","查看"
"1559","1","5/6/2020 17:53:23","选举管理","查看"
"1560","1","5/6/2020 17:54:38","选举管理","新增"
"1561","1","5/6/2020 17:56:10","选举管理","查看"
"1562","1","5/6/2020 17:56:34","选举管理","新增"
"1563","1","5/6/2020 17:56:47","选举管理","查看"
"1564","1","5/6/2020 17:56:59","选举管理","查看"
"1565","1","5/6/2020 17:57:04","选举管理","查看"
"1566","1","5/6/2020 17:57:20","选举管理","修改"
"1567","1","5/6/2020 17:57:56","选举管理","查看"
"1568","1","5/6/2020 17:58:00","选举管理","查看"
"1569","1","5/6/2020 17:58:11","选举管理","修改"
"1570","1","5/6/2020 17:58:16","选举管理","查看"
"1571","1","5/6/2020 18:20:02","选举管理","查看"
"1572","1","5/6/2020 18:38:12","测试管理","插入成功"
"1573","1","5/6/2020 18:55:59","测试插入","新增"
"1574","1","5/6/2020 18:57:57","测试插入","新增"
"1575","1","5/6/2020 18:58:00","测试插入","新增"
"1576","1","5/6/2020 18:58:42","测试插入","新增"
"1577","1","5/6/2020 18:58:44","测试插入","新增"
"1578","1","5/6/2020 18:58:53","测试插入","新增"
"1579","1","5/6/2020 18:58:55","测试插入","新增"
"1580","1","5/6/2020 18:59:18","测试插入","新增"
"1581","1","5/6/2020 19:00:09","测试插入","新增"
"1582","1","5/6/2020 19:00:12","测试插入","新增"
"1583","1","5/6/2020 19:00:18","测试插入","新增"
"1584","1","5/6/2020 19:00:36","测试插入","新增"
"1585","1","5/6/2020 19:00:38","测试插入","新增"
"1586","1","5/6/2020 19:01:08","测试插入","新增"
"1587","1","5/6/2020 19:01:09","测试插入","新增"
"1588","1","5/6/2020 19:01:10","测试插入","新增"
"1589","1","5/6/2020 19:01:32","测试插入","新增"
"1590","1","5/6/2020 19:01:56","测试插入","新增"
"1591","1","5/6/2020 19:01:58","测试插入","新增"
"1592","1","5/6/2020 19:01:59","测试插入","新增"
"1593","1","5/6/2020 19:01:59","测试插入","新增"
"1594","1","5/6/2020 19:02:23","测试插入","新增"
"1595","1","5/6/2020 19:02:24","测试插入","新增"
"1596","1","5/6/2020 19:02:24","测试插入","新增"
"1597","1","8/6/2020 11:24:57","审批管理","查看"
"1598","1","8/6/2020 11:25:03","审批管理","查看"
"1599","1","8/6/2020 13:59:08","选举管理","新增"
"1600","1","8/6/2020 13:59:09","选举管理","查看"
"1601","1","8/6/2020 13:59:14","选举管理","查看"
"1602","1","8/6/2020 14:00:30","选举管理","查看"
"1603","1","8/6/2020 14:00:53","选举管理","查看"
"1604","1","8/6/2020 14:01:11","选举管理","查看"
"1605","1","8/6/2020 14:05:43","选举管理","查看"
"1606","1","8/6/2020 14:05:47","选举管理","查看"
"1607","1","8/6/2020 14:10:36","选举管理","修改"
"1608","1","8/6/2020 14:10:38","选举管理","查看"
"1609","1","8/6/2020 14:11:09","选举管理","修改"
"1610","1","8/6/2020 14:11:09","选举管理","查看"
"1611","1","8/6/2020 14:11:13","选举管理","查看"
"1612","1","8/6/2020 14:11:17","选举管理","查看"
"1613","1","8/6/2020 14:11:19","选举管理","修改"
"1614","1","8/6/2020 14:31:30","选举管理","查看"
"1615","1","8/6/2020 14:31:32","选举管理","修改"
"1616","1","8/6/2020 14:31:39","选举管理","查看"
"1617","1","8/6/2020 14:31:44","选举管理","查看"
"1618","1","8/6/2020 14:31:46","选举管理","修改"
"1619","1","8/6/2020 14:32:27","选举管理","查看"
"1620","1","8/6/2020 14:32:33","选举管理","修改"
"1621","1","8/6/2020 14:32:43","选举管理","查看"
"1622","1","8/6/2020 14:32:45","选举管理","修改"
"1623","1","8/6/2020 14:32:54","选举管理","查看"
"1624","1","8/6/2020 14:37:32","选举管理","查看"
"1625","1","8/6/2020 14:37:46","选举管理","修改"
"1626","1","8/6/2020 14:38:32","选举管理","查看"
"1627","1","8/6/2020 15:10:12","选举管理","查看"
"1628","1","8/6/2020 15:10:14","选举管理","查看"
"1629","1","9/6/2020 09:53:29","选举管理","查看"
"1630","1","9/6/2020 11:45:24","选举管理","查看"
"1631","1","9/6/2020 11:45:47","选举管理","查看"
"1632","1","9/6/2020 11:47:02","组织管理","查看"
"1633","23","9/6/2020 11:52:25","选举管理","查看"
"1634","1","10/6/2020 09:19:19","选举管理","新增"
"1635","1","11/6/2020 09:34:11","选举管理","查看"
"1636","1","11/6/2020 15:08:02","本地管理","新增"
"1637","1","11/6/2020 15:08:35","组织管理","查看"
"1638","1","12/6/2020 11:55:07","组织管理","查看"
"1639","1","12/6/2020 13:30:20","组织管理","查看"
"1640","1","12/6/2020 14:02:50","选举管理","查看"
"1641","1","12/6/2020 14:02:51","选举管理","查看"
"1642","1","12/6/2020 14:03:03","审批管理","查看"
"1643","1","12/6/2020 14:03:17","组织管理","查看"
"1644","1","12/6/2020 14:13:08","选举管理","查看"
"1645","1","12/6/2020 14:17:13","审批管理","查看"
"1646","1","12/6/2020 14:17:16","审批管理","查看"
"1647","1","12/6/2020 14:20:13","审批管理","查看"
"1648","1","12/6/2020 14:20:15","审批管理","查看"
"1649","1","12/6/2020 14:25:00","本地管理","查看"
"1650","1","12/6/2020 14:25:04","本地管理","查看"
"1651","1","12/6/2020 14:25:05","本地管理","修改"
"1652","1","12/6/2020 14:30:36","本地管理","查看"
"1653","1","12/6/2020 14:30:41","组织管理","查看"
"1654","1","12/6/2020 14:31:42","本地管理","查看"
"1655","1","12/6/2020 14:33:10","本地管理","查看"
"1656","1","12/6/2020 14:33:12","本地管理","查看"
"1657","1","12/6/2020 14:33:15","本地管理","查看"
"1658","1","12/6/2020 14:33:18","本地管理","查看"
"1659","1","12/6/2020 14:37:24","本地管理","查看"
"1660","1","12/6/2020 14:37:26","本地管理","查看"
"1661","1","12/6/2020 14:37:27","本地管理","修改"
"1662","1","12/6/2020 14:51:04","本地管理","查看"
"1663","1","12/6/2020 14:55:04","本地管理","查看"
"1664","1","12/6/2020 14:56:19","本地管理","查看"
"1665","1","12/6/2020 14:57:00","本地管理","查看"
"1666","1","12/6/2020 14:57:02","本地管理","查看"
"1667","1","12/6/2020 14:57:04","本地管理","查看"
"1668","1","12/6/2020 14:57:10","审批管理","查看"
"1669","1","12/6/2020 14:57:13","审批管理","查看"
"1670","1","12/6/2020 14:57:15","审批管理","查看"
"1671","1","12/6/2020 14:59:11","选举管理","查看"
"1672","1","12/6/2020 14:59:12","选举管理","查看"
"1673","1","12/6/2020 14:59:13","选举管理","查看"
"1674","1","12/6/2020 14:59:13","选举管理","查看"
"1675","1","12/6/2020 14:59:14","选举管理","查看"
"1676","1","12/6/2020 14:59:14","选举管理","查看"
"1677","1","12/6/2020 14:59:14","选举管理","查看"
"1678","1","12/6/2020 14:59:15","选举管理","查看"
"1679","1","12/6/2020 14:59:15","选举管理","查看"
"1680","1","12/6/2020 14:59:16","选举管理","查看"
"1681","1","12/6/2020 14:59:17","选举管理","查看"
"1682","1","12/6/2020 15:18:21","组织管理","查看"
"1683","1","12/6/2020 15:18:29","选举管理","查看"
"1684","1","16/6/2020 15:26:11","本地管理","查看"
"1685","1","16/6/2020 15:38:42","审批管理","查看"
"1686","1","16/6/2020 15:52:59","审批管理","查看"
"1687","1","16/6/2020 15:54:14","审批管理","查看"
"1688","1","16/6/2020 15:54:17","审批管理","查看"
"1689","1","16/6/2020 15:54:20","审批管理","通过"
"1690","1","16/6/2020 15:54:21","审批管理","查看"
"1691","1","16/6/2020 15:54:27","审批管理","不通过"
"1692","1","16/6/2020 15:54:28","审批管理","查看"
"1693","1","16/6/2020 16:08:28","审批管理","查看"
"1694","1","16/6/2020 16:15:07","组织管理","查看"
"1695","1","16/6/2020 16:20:21","审批管理","查看"
"1696","1","16/6/2020 16:20:25","审批管理","查看"
"1697","1","16/6/2020 16:20:27","审批管理","查看"
"1698","1","16/6/2020 16:20:45","审批管理","通过"
"1699","1","16/6/2020 16:45:38","审批管理","不通过"
"1700","1","16/6/2020 16:46:02","审批管理","通过"
"1701","1","16/6/2020 16:46:13","审批管理","不通过"
"1702","1","16/6/2020 17:01:34","审批管理","不通过"
"1703","1","16/6/2020 17:01:37","审批管理","通过"
"1704","1","16/6/2020 17:03:44","本地管理","查看"
"1705","1","16/6/2020 17:27:06","审批管理","查看"
"1706","1","16/6/2020 17:27:18","本地管理","查看"
"1707","1","16/6/2020 17:27:26","本地管理","查看"
"1708","1","16/6/2020 17:27:31","本地管理","修改"
"1709","1","16/6/2020 17:27:32","本地管理","修改"
"1710","1","16/6/2020 17:27:46","本地管理","查看"
"1711","1","16/6/2020 17:27:54","本地管理","修改"
"1712","1","16/6/2020 17:31:42","本地管理","查看"
"1713","1","16/6/2020 17:37:19","本地管理","查看"
"1714","1","16/6/2020 17:37:23","本地管理","修改"
"1715","1","16/6/2020 17:38:06","本地管理","修改"
"1716","1","16/6/2020 17:38:53","本地管理","修改"
"1717","1","16/6/2020 17:39:36","本地管理","修改"
"1718","1","16/6/2020 17:40:13","本地管理","修改"
"1719","1","16/6/2020 17:41:51","本地管理","修改"
"1720","1","16/6/2020 17:47:18","本地管理","修改"
"1721","1","16/6/2020 17:47:22","本地管理","修改"
"1722","1","16/6/2020 17:47:43","本地管理","修改"
"1723","1","16/6/2020 17:47:45","本地管理","修改"
"1724","1","16/6/2020 17:47:48","本地管理","修改"
"1725","1","16/6/2020 17:50:52","本地管理","修改"
"1726","1","16/6/2020 17:51:05","本地管理","修改"
"1727","1","16/6/2020 17:52:24","本地管理","修改"
"1728","1","16/6/2020 17:52:29","本地管理","查看"
"1729","1","16/6/2020 17:52:33","本地管理","修改"
"1730","1","16/6/2020 17:52:46","本地管理","查看"
"1731","1","16/6/2020 17:52:50","本地管理","修改"
"1732","1","16/6/2020 17:52:52","本地管理","查看"
"1733","1","16/6/2020 17:52:54","本地管理","查看"
"1734","1","16/6/2020 17:52:59","本地管理","修改"
"1735","1","16/6/2020 17:53:02","本地管理","查看"
"1736","1","16/6/2020 17:53:10","本地管理","修改"
"1737","1","16/6/2020 17:53:12","本地管理","查看"
"1738","1","16/6/2020 17:53:16","本地管理","查看"
"1739","1","16/6/2020 17:53:19","本地管理","查看"
"1740","1","16/6/2020 17:53:23","本地管理","修改"
"1741","1","16/6/2020 17:53:24","本地管理","查看"
"1742","1","16/6/2020 17:53:35","本地管理","修改"
"1743","1","16/6/2020 17:57:20","本地管理","查看"
"1744","1","16/6/2020 17:57:25","本地管理","查看"
"1745","1","16/6/2020 17:57:29","本地管理","修改"
"1746","1","16/6/2020 17:59:36","本地管理","修改"
"1747","1","16/6/2020 17:59:39","本地管理","修改"
"1748","1","16/6/2020 17:59:41","本地管理","修改"
"1749","1","16/6/2020 17:59:50","本地管理","修改"
"1750","1","16/6/2020 18:00:53","本地管理","修改"
"1751","1","16/6/2020 18:01:39","本地管理","修改"
"1752","1","16/6/2020 18:02:13","本地管理","修改"
"1753","1","16/6/2020 18:02:39","本地管理","修改"
"1754","1","16/6/2020 18:03:10","本地管理","查看"
"1755","1","16/6/2020 18:03:15","本地管理","修改"
"1756","1","16/6/2020 18:03:41","本地管理","查看"
"1757","1","16/6/2020 18:03:45","本地管理","查看"
"1758","1","16/6/2020 18:03:48","本地管理","修改"
"1759","1","16/6/2020 18:04:11","本地管理","查看"
"1760","1","16/6/2020 18:04:13","本地管理","修改"
"1761","1","16/6/2020 18:04:17","本地管理","查看"
"1762","1","16/6/2020 18:04:20","本地管理","修改"
"1763","1","16/6/2020 18:04:21","本地管理","查看"
"1764","1","17/6/2020 10:19:04","组织管理","查看"
"1765","1","17/6/2020 10:20:37","组织管理","查看"
"1766","1","17/6/2020 10:21:00","组织管理","新增"
"1767","1","17/6/2020 10:21:00","组织管理","查看"
"1768","1","17/6/2020 10:21:57","账号管理","新增"
"1769","1","17/6/2020 10:22:33","审批管理","查看"
"1770","1","17/6/2020 10:22:35","审批管理","修改"
"1771","1","17/6/2020 10:22:42","审批管理","不通过"
"1772","1","17/6/2020 10:22:44","审批管理","查看"
"1773","1","17/6/2020 10:22:47","审批管理","通过"
"1774","1","17/6/2020 10:22:48","审批管理","查看"
"1775","1","17/6/2020 10:22:58","本地管理","查看"
"1776","1","17/6/2020 10:23:26","本地管理","新增"
"1777","1","17/6/2020 10:28:14","本地管理","新增"
"1778","1","17/6/2020 10:28:17","本地管理","新增"
"1779","1","17/6/2020 10:29:28","本地管理","新增"
"1780","1","17/6/2020 10:32:24","本地管理","新增"
"1781","1","17/6/2020 10:32:25","本地管理","新增"
"1782","1","17/6/2020 10:32:28","本地管理","新增"
"1783","1","17/6/2020 10:32:44","本地管理","新增"
"1784","1","17/6/2020 10:33:54","本地管理","新增"
"1785","1","17/6/2020 10:34:27","本地管理","查看"
"1786","1","17/6/2020 10:35:01","本地管理","新增"
"1787","1","17/6/2020 10:38:32","本地管理","新增"
"1788","1","17/6/2020 10:39:13","本地管理","新增"
"1789","1","17/6/2020 10:47:48","本地管理","新增"
"1790","51","17/6/2020 10:57:48","组织管理","查看"
"1791","1","17/6/2020 10:57:57","本地管理","新增"
"1792","51","17/6/2020 10:57:58","组织管理","查看"
"1793","1","17/6/2020 10:58:59","本地管理","新增"
"1794","1","17/6/2020 10:59:01","本地管理","查看"
"1795","1","17/6/2020 10:59:09","本地管理","查看"
"1796","1","17/6/2020 10:59:13","本地管理","查看"
"1797","1","17/6/2020 10:59:15","本地管理","查看"
"1798","51","17/6/2020 14:33:18","组织管理","查看"
"1799","51","17/6/2020 14:35:11","组织管理","查看"
"1800","51","17/6/2020 15:32:08","组织管理","查看"
"1801","1","17/6/2020 15:32:35","组织管理","查看"
"1802","1","18/6/2020 16:13:22","审批管理","查看"
"1803","1","18/6/2020 16:13:23","审批管理","修改"
"1804","1","18/6/2020 16:13:27","审批管理","不通过"
"1805","1","18/6/2020 16:13:29","审批管理","通过"
"1806","1","18/6/2020 16:13:34","本地管理","查看"
"1807","1","18/6/2020 16:13:40","本地管理","查看"
"1808","1","18/6/2020 16:13:44","本地管理","修改"
"1809","1","18/6/2020 16:13:46","本地管理","查看"
"1810","1","18/6/2020 16:13:50","本地管理","修改"
"1811","1","18/6/2020 16:13:51","本地管理","查看"
"1812","1","18/6/2020 16:14:04","本地管理",
"1813","1","18/6/2020 16:22:57","本地管理",
"1814","1","18/6/2020 16:23:25","本地管理",
"1815","1","18/6/2020 16:25:29","本地管理","新增"
"1816","1","18/6/2020 16:25:31","本地管理","查看"
"1817","1","18/6/2020 16:25:40","本地管理",
"1818","1","18/6/2020 16:29:04","本地管理","新增"
"1819","1","18/6/2020 16:29:13","本地管理",
"1820","1","18/6/2020 16:30:36","本地管理","新增"
"1821","1","18/6/2020 16:31:01","本地管理",
"1822","1","18/6/2020 16:32:54","本地管理","新增"
"1823","1","18/6/2020 16:35:14","本地管理","新增"
"1824","1","18/6/2020 16:35:36","本地管理","新增"
"1825","1","18/6/2020 16:35:54","本地管理","新增"
"1826","1","18/6/2020 16:36:16","本地管理","新增"
"1827","1","18/6/2020 16:36:59","本地管理",
"1828","1","18/6/2020 16:39:05","本地管理",
"1829","1","18/6/2020 16:39:21","本地管理",
"1830","1","18/6/2020 16:39:30","本地管理",
"1831","1","18/6/2020 17:15:55","本地管理","查看"
"1832","1","18/6/2020 17:15:56","本地管理","修改"
"1833","51","18/6/2020 17:18:34","组织管理","查看"
"1834","51","18/6/2020 17:23:04","账号管理","查看"
"1835","1","18/6/2020 17:29:14","组织管理","查看"
"1836","1","18/6/2020 17:29:23","组织管理","查看"
"1837","1","18/6/2020 17:29:39","选举管理","查看"
